{
    "rf_best_threshold": 0.5300000000000002,
    "catboost_best_threshold": 0.6900000000000004
}