{
    "rf_best_threshold": 0.48000000000000015,
    "xgb_best_threshold": 0.5800000000000003,
    "lgb_best_threshold": 0.47000000000000014
}