{
    "rf_best_threshold": 0.46000000000000013,
    "xgb_best_threshold": 0.4100000000000001,
    "lgb_best_threshold": 0.5000000000000002
}