{
    "rf_best_threshold": 0.5000000000000002,
    "xgb_best_threshold": 0.47000000000000014,
    "lgb_best_threshold": 0.5100000000000002
}