{
    "rf_best_threshold": 0.48000000000000015,
    "catboost_best_threshold": 0.6000000000000003
}