{
    "rf_best_threshold": 0.5000000000000002,
    "xgb_best_threshold": 0.5600000000000003,
    "lgb_best_threshold": 0.49000000000000016
}