{
    "rf_best_threshold": 0.46000000000000013,
    "catboost_best_threshold": 0.4500000000000001
}