{
    "rf_best_threshold": 0.5100000000000002,
    "catboost_best_threshold": 0.6600000000000004
}