{
    "rf_best_threshold": 0.48000000000000015,
    "catboost_best_threshold": 0.5200000000000002
}