{
    "rf_best_threshold": 0.49000000000000016,
    "catboost_best_threshold": 0.5600000000000003
}