{
    "rf_best_threshold": 0.5100000000000002,
    "catboost_best_threshold": 0.5000000000000002
}