{
    "rf_best_threshold": 0.46000000000000013,
    "xgb_best_threshold": 0.5500000000000003,
    "lgb_best_threshold": 0.48000000000000015
}