{
    "rf_best_threshold": 0.47000000000000014,
    "catboost_best_threshold": 0.5100000000000002
}