{
    "rf_best_threshold": 0.5000000000000002,
    "catboost_best_threshold": 0.4300000000000001
}