{
    "rf_best_threshold": 0.5500000000000003,
    "xgb_best_threshold": 0.6900000000000004,
    "lgb_best_threshold": 0.5000000000000002
}