{
    "rf_best_threshold": 0.47000000000000014,
    "catboost_best_threshold": 0.6800000000000004
}