{
    "rf_best_threshold": 0.48000000000000015,
    "xgb_best_threshold": 0.38000000000000006,
    "lgb_best_threshold": 0.5000000000000002
}