{
    "rf_best_threshold": 0.5100000000000002,
    "catboost_best_threshold": 0.4200000000000001
}