{
    "rf_best_threshold": 0.4500000000000001,
    "catboost_best_threshold": 0.6400000000000003
}