{
    "rf_best_threshold": 0.47000000000000014,
    "xgb_best_threshold": 0.4500000000000001,
    "lgb_best_threshold": 0.49000000000000016
}