{
    "rf_best_threshold": 0.4500000000000001,
    "xgb_best_threshold": 0.4000000000000001,
    "lgb_best_threshold": 0.5000000000000002
}