{
    "rf_best_threshold": 0.4400000000000001,
    "xgb_best_threshold": 0.4200000000000001,
    "lgb_best_threshold": 0.5000000000000002
}