{
    "rf_best_threshold": 0.4300000000000001,
    "catboost_best_threshold": 0.39000000000000007
}