{
    "rf_best_threshold": 0.47000000000000014,
    "xgb_best_threshold": 0.46000000000000013,
    "lgb_best_threshold": 0.5000000000000002
}