{
    "rf_best_threshold": 0.46000000000000013,
    "xgb_best_threshold": 0.49000000000000016,
    "lgb_best_threshold": 0.49000000000000016
}